OBJECTID,FID,COUNT,AREA,MIN,MAX,RANGE,MEAN,STD,SUM,MEDIAN,PCT90
1,0,2916,1005664.06,0,1.724184871,1.724184871,0.410747482,0.646192137,1197.739659,0,1.542250872
2,1,2916,1005664.06,0,13.70174026,13.70174026,3.887319513,2.386826882,11335.4237,3.268847227,7.533224583
3,2,2916,1005664.06,0,11.10261822,11.10261822,2.368790524,1.970768537,6907.393168,1.724184871,5.160119534
4,3,2916,1005664.06,0,12.15528393,12.15528393,2.804161526,2.655986739,8176.935011,1.724184871,7.054334164
5,4,2862,987040.6515,0,6.357520103,6.357520103,2.131689889,1.374574217,6100.896461,1.724184871,4.388551235
6,5,2916,1005664.06,0,3.082270145,3.082270145,0.916221002,0.755102991,2671.700443,1.219366789,1.724184871
7,6,2862,987040.6515,0,11.83973217,11.83973217,3.847823455,1.869660627,11012.47073,3.445252657,6.357520103
8,7,2862,987040.6515,0,12.52889347,12.52889347,2.184803489,2.41314621,6252.907587,1.635754704,5.355909824
9,8,2916,1005664.06,0,4.1463871,4.1463871,1.227251683,0.885097273,3578.665906,1.542250872,2.214066386
10,9,2916,1005664.06,0,2.180545568,2.180545568,0.572330627,0.706353983,1668.916108,0,1.542250872
11,10,2862,987040.6515,0,3.082270145,3.082270145,0.473852366,0.705569139,1356.165472,0,1.542250872
12,11,2916,1005664.06,0,8.42321682,8.42321682,1.783768116,1.320750751,5201.467827,1.542250872,3.445252657
13,12,2916,1005664.06,0,9.453859329,9.453859329,2.74306576,1.801885966,7998.779755,2.247587204,5.13152647
14,13,2862,987040.6515,0,3.082270145,3.082270145,1.019058875,0.744221664,2916.546501,1.219366789,1.724184871
15,14,2916,1005664.06,0,4.617845535,4.617845535,0.930287177,0.985993741,2712.717407,0.545383275,1.965695262
16,15,2916,1005664.06,0,4.866467476,4.866467476,1.516144532,1.014618778,4421.077454,1.542250872,2.934499025
17,16,2916,1005664.06,0,3.176939964,3.176939964,1.178574009,0.861592121,3436.721809,1.542250872,2.180545568
18,17,2916,1005664.06,0,1.724184871,1.724184871,0.55620521,0.69003779,1621.894394,0,1.635754704
19,18,2916,1005664.06,0,6.194268227,6.194268227,0.48288638,1.026894394,1408.096685,0,1.542250872
20,19,2916,1005664.06,0,6.950232506,6.950232506,1.106888015,1.029616067,3227.68545,1.219366789,1.724184871
21,20,2862,987040.6515,0,17.7071228,17.7071228,4.208697424,4.707609128,12045.29203,1.724184871,11.93420219
22,21,2916,1005664.06,0,8.559282303,8.559282303,0.310999837,0.80728659,906.8755235,0,1.542250872
23,22,2862,987040.6515,0,7.890869617,7.890869617,1.625605251,1.622147833,4652.48223,1.542250872,4.1463871
24,23,2916,1005664.06,0,3.176939964,3.176939964,0.842179748,0.81623693,2455.796144,0.545383275,1.724184871
25,24,2862,987040.6515,0,17.21909142,17.21909142,4.412910034,3.829974586,12629.74852,3.082270145,10.26566029
26,25,2809,968762.121,0,12.97622204,12.97622204,1.855680287,2.678717601,5212.605926,1.219366789,5.675504684
27,26,2916,1005664.06,0,7.237793922,7.237793922,1.242859044,1.168214563,3624.176972,1.219366789,2.778823137
28,27,2916,1005664.06,0,11.31687164,11.31687164,5.020604389,2.353596028,14640.0824,4.866467476,8.4745121
29,28,2862,987040.6515,0,11.5511446,11.5511446,0.981806208,1.14520174,2809.929368,1.219366789,1.724184871
30,29,2916,1005664.06,0,11.10261822,11.10261822,1.924349636,2.531356614,5611.403538,1.219366789,6.334464073
31,30,2916,1005664.06,0,3.082270145,3.082270145,0.511242242,0.709704318,1490.782378,0,1.542250872
32,31,2862,987040.6515,0,10.04095173,10.04095173,2.36832112,2.03833411,6778.135044,1.724184871,5.355909824
33,32,2916,1005664.06,0,10.37603569,10.37603569,2.547275591,2.54800552,7427.855624,1.635754704,6.801707268
34,33,2916,1005664.06,0,7.761116505,7.761116505,2.744296542,1.499997204,8002.368716,2.724942446,4.681261539
35,34,2916,1005664.06,0,2.180545568,2.180545568,0.746206807,0.721299812,2175.939048,0.545383275,1.724184871
36,35,2916,1005664.06,0,1.724184871,1.724184871,0.40873803,0.634904037,1191.880096,0,1.635754704
37,36,2916,1005664.06,0,13.621068,13.621068,1.043831084,1.813693629,3043.811442,0.545383275,1.724184871
38,37,2916,1005664.06,0,11.31687164,11.31687164,2.666485224,1.826780762,7775.470914,2.247587204,4.866467476
39,38,2862,987040.6515,0,6.194268227,6.194268227,1.26832849,1.149102285,3629.95614,1.542250872,2.934499025
40,39,2916,1005664.06,0,1.724184871,1.724184871,0.406087229,0.63979892,1184.150359,0,1.542250872
41,40,2862,987040.6515,0,8.40604496,8.40604496,3.403624336,1.44882298,9741.172851,3.082270145,5.544634819
42,41,2916,1005664.06,0,1.724184871,1.724184871,0.330350794,0.595816896,963.3029143,0,1.542250872
43,42,2916,1005664.06,0,6.002085209,6.002085209,0.58730033,0.997034379,1712.567762,0,1.724184871
44,43,2916,1005664.06,0,7.37719965,7.37719965,2.320214551,1.691544363,6765.74563,1.965695262,4.866467476
45,44,2916,1005664.06,0,2.778823137,2.778823137,0.627596724,0.728193743,1830.072046,0,1.635754704
46,45,2916,1005664.06,0,12.48427773,12.48427773,3.535060196,1.831592919,10308.23553,3.176939964,5.355909824
47,46,2916,1005664.06,0,2.724942446,2.724942446,0.852885437,0.702608675,2487.013933,1.090667725,1.724184871
48,47,2916,1005664.06,0,1.724184871,1.724184871,0.390833966,0.632197846,1139.671845,0,1.542250872
49,48,2916,1005664.06,0,12.52889347,12.52889347,2.882282998,2.119476066,8404.737221,2.247587204,5.544634819
50,49,2862,987040.6515,0,1.724184871,1.724184871,0.410663239,0.633707976,1175.31819,0,1.542250872
51,50,2916,1005664.06,0,9.781461716,9.781461716,2.247263766,1.502456111,6553.02114,1.724184871,4.251885891
52,51,2916,1005664.06,0,3.082270145,3.082270145,0.622540258,0.715916398,1815.327392,0,1.635754704
53,52,2916,1005664.06,0,1.724184871,1.724184871,0.311559868,0.587138464,908.5085741,0,1.542250872
54,53,2862,987040.6515,0,2.437630177,2.437630177,0.491857458,0.682981902,1407.696046,0,1.542250872
55,54,2916,1005664.06,0,3.082270145,3.082270145,1.044415807,0.80209763,3045.516492,1.542250872,1.724184871
56,55,2862,987040.6515,0,10.23786449,10.23786449,2.498599388,1.997210875,7150.991449,1.965695262,5.437613487
57,56,2916,1005664.06,0,3.082270145,3.082270145,0.802554549,0.725244552,2340.249065,0.545383275,1.724184871
58,57,2916,1005664.06,0,3.082270145,3.082270145,0.73952901,0.74264192,2156.466594,0.545383275,1.724184871
59,58,2916,1005664.06,0,7.667024136,7.667024136,0.685869288,1.060616175,1999.994845,0,1.724184871
60,59,2916,1005664.06,0,5.59735918,5.59735918,0.908431012,0.973773043,2648.984832,0.545383275,1.724184871
61,60,2916,1005664.06,0,11.31687164,11.31687164,2.90544904,1.679792345,8472.289401,2.724942446,4.649663448
62,61,2862,987040.6515,0,8.808407784,8.808407784,2.353455296,1.28851449,6735.589058,1.965695262,4.1463871
63,62,2862,987040.6515,0,1.724184871,1.724184871,0.639204254,0.701578363,1829.402575,0.545383275,1.635754704
64,63,2916,1005664.06,0,3.176939964,3.176939964,0.988399809,0.7539157,2882.173842,1.219366789,1.724184871
65,64,2916,1005664.06,0,2.180545568,2.180545568,0.59097164,0.701742192,1723.273301,0,1.635754704
66,65,2862,987040.6515,0,16.75273514,16.75273514,4.62312032,4.192421209,13231.37036,3.445252657,10.98732281
67,66,2916,1005664.06,0,2.934499025,2.934499025,0.54121458,0.712206674,1578.181717,0,1.635754704
68,67,2916,1005664.06,0,3.082270145,3.082270145,0.658367498,0.771471873,1919.799626,0,1.724184871
69,68,2916,1005664.06,0,1.724184871,1.724184871,0.767740358,0.689319106,2238.730884,0.545383275,1.724184871
70,69,2916,1005664.06,0,7.667024136,7.667024136,0.82575877,1.303522921,2407.912573,0,2.437630177
71,70,2862,987040.6515,0,1.724184871,1.724184871,0.355397763,0.61587548,1017.148398,0,1.542250872
72,71,2916,1005664.06,0,12.96551991,12.96551991,2.812948176,2.799454701,8202.556882,1.724184871,7.105720758
73,72,2916,1005664.06,0,23.31565666,23.31565666,1.5665677,2.982176332,4568.111413,0,4.896641254
74,73,2916,1005664.06,0,2.934499025,2.934499025,0.769534481,0.725881442,2243.962546,0.545383275,1.724184871
75,74,2916,1005664.06,0,7.667024136,7.667024136,1.556882615,1.807474445,4539.869705,1.219366789,4.388551235
76,75,2916,1005664.06,0,7.704805851,7.704805851,1.43227718,1.351325042,4176.520258,1.542250872,3.445252657
77,76,2862,987040.6515,0,5.878684521,5.878684521,1.98617793,1.241387258,5684.441237,1.724184871,3.445252657
78,77,2862,987040.6515,0,6.865769386,6.865769386,2.550636609,1.363759092,7299.921975,2.180545568,4.617845535
79,78,2916,1005664.06,0,10.59303474,10.59303474,0.768601997,1.083931339,2241.243423,0.545383275,1.724184871
80,79,2916,1005664.06,0,3.445252657,3.445252657,1.08075653,0.796006156,3151.486042,1.219366789,1.724184871
81,80,2916,1005664.06,0,17.38619804,17.38619804,2.580989071,3.308843336,7526.164132,1.542250872,7.581237078
82,81,2916,1005664.06,0,8.559282303,8.559282303,2.838042775,1.598119994,8275.732733,2.724942446,5.160119534
83,82,2862,987040.6515,0,1.724184871,1.724184871,0.634151316,0.695548623,1814.941066,0.545383275,1.635754704
84,83,2916,1005664.06,0,3.082270145,3.082270145,0.52972326,0.701447503,1544.673025,0,1.542250872
85,84,2916,1005664.06,0,3.082270145,3.082270145,0.589899674,0.717614685,1720.14745,0,1.635754704
86,85,2916,1005664.06,0,5.015487194,5.015487194,1.074800077,1.042487598,3134.117023,1.219366789,2.247587204
87,86,2916,1005664.06,0,7.277908325,7.277908325,1.248138234,1.2783085,3639.571089,1.219366789,3.082270145
88,87,2862,987040.6515,0,3.850750208,3.850750208,1.297859705,0.805899908,3714.474476,1.542250872,2.180545568
89,88,2862,987040.6515,0,15.35337353,15.35337353,2.303096041,3.75688433,6591.460869,0,8.392171288
90,89,2862,987040.6515,0,13.75188351,13.75188351,2.967517176,2.489980421,8493.034156,2.180545568,6.516551971
91,90,2916,1005664.06,0,1.965695262,1.965695262,0.45011093,0.661911457,1312.523471,0,1.542250872
92,91,2916,1005664.06,0,4.866467476,4.866467476,1.643852771,1.164250717,4793.474682,1.542250872,3.176939964
93,92,2916,1005664.06,0,6.801707268,6.801707268,1.552737768,1.217877483,4527.783331,1.542250872,3.082270145
94,93,2862,987040.6515,0,7.704805851,7.704805851,1.667989136,1.685307994,4773.784908,1.542250872,4.1463871
95,94,2916,1005664.06,0,9.176465034,9.176465034,1.91764117,2.068976775,5591.841652,1.542250872,5.160119534
96,95,2862,987040.6515,0,4.617845535,4.617845535,1.915952902,0.839285768,5483.457206,1.724184871,3.082270145
97,96,2916,1005664.06,0,4.617845535,4.617845535,0.937968635,0.898583852,2735.116539,1.219366789,1.724184871
98,97,2916,1005664.06,0,16.49731064,16.49731064,2.986875658,3.405879939,8709.72942,1.635754704,7.667024136
99,98,2916,1005664.06,0,9.781461716,9.781461716,3.707165012,1.682449246,10810.09317,3.445252657,6.074887753
100,99,2862,987040.6515,0,16.56162262,16.56162262,4.84776504,3.575323843,13874.30354,4.251885891,9.781461716
101,100,2916,1005664.06,0,11.44083595,11.44083595,1.983628293,2.609523774,5784.260102,1.219366789,6.334464073
102,101,2916,1005664.06,0,3.082270145,3.082270145,0.953671468,0.699768535,2780.906002,1.219366789,1.724184871
103,102,2912,1004284.548,0,8.954351425,8.954351425,3.155830472,1.375550438,9189.778334,3.082270145,4.866467476
104,103,2862,987040.6515,0,2.724942446,2.724942446,0.76570481,0.708213829,2191.447165,0.545383275,1.724184871
105,104,2916,1005664.06,0,17.85391617,17.85391617,6.415946942,3.866493729,18708.90128,5.544634819,12.51775646
106,105,2809,968762.121,0,6.561258316,6.561258316,0.972588531,1.211305977,2732.001184,0.545383275,2.180545568
107,106,2916,1005664.06,0,2.437630177,2.437630177,0.607800036,0.72362465,1772.344906,0,1.635754704
108,107,2916,1005664.06,0,3.082270145,3.082270145,0.720174294,0.715229735,2100.028241,0.545383275,1.635754704
109,108,2916,1005664.06,0,1.724184871,1.724184871,0.305016738,0.581341331,889.4288089,0,1.542250872
110,109,2916,1005664.06,0,4.388551235,4.388551235,1.289129333,0.803507212,3759.101135,1.542250872,2.180545568
111,110,2916,1005664.06,0,5.437613487,5.437613487,1.480786321,1.032589955,4317.972911,1.542250872,2.934499025
112,111,2862,987040.6515,0,20.65313339,20.65313339,2.345549997,2.847967166,6712.964091,1.542250872,4.866467476
113,112,2916,1005664.06,0,1.724184871,1.724184871,0.548998466,0.688567319,1600.879527,0,1.635754704
114,113,2916,1005664.06,0,5.878684521,5.878684521,2.54626705,0.996318063,7424.914717,2.724942446,3.812163115
115,114,2916,1005664.06,0,2.180545568,2.180545568,0.640661659,0.709955945,1868.169397,0.545383275,1.635754704
116,115,2916,1005664.06,0,6.605650902,6.605650902,2.394400529,1.443226963,6982.071943,2.180545568,4.681261539
117,116,2862,987040.6515,0,5.015487194,5.015487194,1.198394655,1.082472971,3429.805504,1.542250872,2.778823137
118,117,2916,1005664.06,0,4.488278389,4.488278389,0.884269589,0.936454703,2578.530123,0.545383275,1.724184871
119,118,2862,987040.6515,0,10.26566029,10.26566029,2.492655384,1.694213763,7133.979709,2.180545568,4.388551235
120,119,2916,1005664.06,0,6.865769386,6.865769386,0.707253411,1.123829778,2062.350946,0,2.180545568
121,120,2916,1005664.06,0,3.082270145,3.082270145,0.666839667,0.725495969,1944.50447,0.545383275,1.724184871
122,121,2916,1005664.06,0,12.87953854,12.87953854,2.843369912,2.997062553,8291.266663,1.635754704,7.761116505
123,122,2862,987040.6515,0,2.437630177,2.437630177,0.51286392,0.684869594,1467.816539,0,1.635754704
124,123,2862,987040.6515,0,3.176939964,3.176939964,0.891154398,0.787331153,2550.483886,1.219366789,1.724184871
125,124,2916,1005664.06,0,8.284785271,8.284785271,2.047223624,1.735799426,5969.704087,1.724184871,4.617845535
126,125,370,127604.8362,0,4.388551235,4.388551235,1.615680368,0.94068469,597.8017361,1.635754704,2.778823137
127,126,2916,1005664.06,0,10.30720234,10.30720234,1.345718615,1.885142823,3924.115482,1.219366789,2.437630177
128,127,2809,968762.121,0,2.934499025,2.934499025,0.874154841,0.732692653,2455.500948,1.219366789,1.724184871
129,128,2916,1005664.06,0,12.07435989,12.07435989,2.511555621,2.753964175,7323.696192,1.635754704,6.865769386
130,129,2916,1005664.06,0,2.724942446,2.724942446,0.813645384,0.732450742,2372.589941,0.545383275,1.724184871
131,130,2862,987040.6515,0,12.52889347,12.52889347,2.637454846,2.379162938,7548.39577,1.724184871,6.002085209
132,131,2916,1005664.06,0,15.97136211,15.97136211,2.294920114,3.338589791,6691.987053,1.219366789,7.761116505
133,132,2916,1005664.06,0,12.15528393,12.15528393,3.514925423,2.508593243,10249.52253,3.082270145,7.136478424
134,133,2916,1005664.06,0,15.00582027,15.00582027,2.465819546,2.944041619,7190.329797,1.542250872,6.715303421
135,134,2862,987040.6515,0,1.724184871,1.724184871,0.391838468,0.639612505,1121.441697,0,1.542250872
136,135,2916,1005664.06,0,3.445252657,3.445252657,1.008422082,0.840532589,2940.558792,1.219366789,1.724184871
137,136,2916,1005664.06,0,2.437630177,2.437630177,0.62949768,0.710825927,1835.615235,0,1.635754704
138,137,2916,1005664.06,0,7.704805851,7.704805851,1.655208075,1.238805649,4826.586746,1.542250872,3.082270145
139,138,2916,1005664.06,0,5.160119534,5.160119534,0.901246037,1.057079903,2628.033445,0.545383275,2.180545568
140,139,2916,1005664.06,0,3.445252657,3.445252657,1.104051676,0.741749314,3219.414688,1.542250872,1.724184871
141,140,2862,987040.6515,0,16.49731064,16.49731064,2.057196618,2.848036268,5887.696722,1.219366789,6.538944721
142,141,2916,1005664.06,0,4.926627159,4.926627159,1.48548366,1.017710938,4331.670352,1.542250872,3.082270145
143,142,2916,1005664.06,0,1.724184871,1.724184871,0.498058109,0.673602753,1452.337446,0,1.635754704
144,143,2916,1005664.06,0,9.3008461,9.3008461,1.83965246,1.807220959,5364.426574,1.542250872,4.388551235
145,144,2862,987040.6515,0,11.79218006,11.79218006,2.903367274,2.153730527,8309.43714,2.180545568,5.878684521
146,145,2916,1005664.06,0,8.249793053,8.249793053,1.258499358,1.182837746,3669.784129,1.219366789,2.180545568
147,146,2916,1005664.06,0,3.082270145,3.082270145,1.032932112,0.753433754,3012.030038,1.219366789,1.724184871
148,147,2916,1005664.06,0,9.254412651,9.254412651,2.294115715,1.768654543,6689.641426,1.724184871,4.681261539
149,148,2862,987040.6515,0,1.724184871,1.724184871,0.3854136,0.622835445,1103.053724,0,1.542250872
150,149,2862,987040.6515,0,6.357520103,6.357520103,1.421517892,1.296440651,4068.384208,1.542250872,3.309338069
151,150,2862,987040.6515,0,3.082270145,3.082270145,0.967581463,0.789415379,2769.218146,1.219366789,1.724184871
152,151,2809,968762.121,0,3.082270145,3.082270145,1.10243138,0.773647855,3096.729747,1.542250872,1.724184871
153,152,2916,1005664.06,0,1.724184871,1.724184871,0.309230555,0.575048782,901.7162984,0,1.542250872
154,153,2916,1005664.06,0,1.724184871,1.724184871,0.443908045,0.664552589,1294.435858,0,1.542250872
155,154,2862,987040.6515,0,3.268847227,3.268847227,0.719768214,0.742460291,2059.976627,0.545383275,1.724184871
156,155,2916,1005664.06,0,9.781461716,9.781461716,4.342254161,1.699659944,12662.01313,4.251885891,6.715303421
157,156,2916,1005664.06,0,10.04095173,10.04095173,4.253968282,2.234395845,12404.57151,4.251885891,7.533224583
158,157,2916,1005664.06,0,6.357520103,6.357520103,2.446555134,1.121834641,7134.154771,2.247587204,3.964232206
159,158,2862,987040.6515,0,4.354793072,4.354793072,1.114931446,0.98331429,3190.933799,1.219366789,2.247587204
160,159,2916,1005664.06,0,1.724184871,1.724184871,0.320300819,0.595999952,933.9971885,0,1.542250872
161,160,2916,1005664.06,0,7.667024136,7.667024136,2.955152054,1.582777416,8617.223388,2.778823137,5.073506832
162,161,2916,1005664.06,0,3.082270145,3.082270145,1.408498662,0.756962934,4107.182099,1.542250872,2.247587204
163,162,2916,1005664.06,0,2.934499025,2.934499025,0.90154579,0.745814222,2628.907524,1.219366789,1.724184871
164,163,2862,987040.6515,0,14.85128784,14.85128784,2.865857504,3.113392803,8202.084177,1.635754704,7.761116505
165,164,2916,1005664.06,0,10.47157669,10.47157669,2.056037176,1.812897688,5995.404404,1.635754704,4.649663448
166,165,2862,987040.6515,0,5.878684521,5.878684521,2.172507652,1.120408281,6217.716899,1.965695262,3.487947464
167,166,2916,1005664.06,0,16.46504021,16.46504021,4.023009744,3.495545696,11731.09641,3.082270145,9.663716316
168,167,2862,987040.6515,0,7.667024136,7.667024136,2.487220212,1.381921285,7118.424248,2.247587204,4.388551235
169,168,2916,1005664.06,0,3.082270145,3.082270145,1.028190025,0.795707925,2998.202111,1.219366789,1.724184871
170,169,2916,1005664.06,0,5.355909824,5.355909824,0.894422049,1.146909752,2608.134695,0.545383275,2.247587204
171,170,2916,1005664.06,0,10.98732281,10.98732281,2.789629475,2.553128417,8134.559548,1.724184871,6.865769386
172,171,2916,1005664.06,0,1.724184871,1.724184871,0.545812723,0.693740957,1591.589901,0,1.635754704
173,172,2862,987040.6515,0,1.724184871,1.724184871,0.407519183,0.646828205,1166.319901,0,1.542250872
174,173,2916,1005664.06,0,11.87525654,11.87525654,1.998384241,1.708213684,5827.288447,1.724184871,3.73292768
175,174,2916,1005664.06,0,3.082270145,3.082270145,0.765853554,0.74391076,2233.228963,0.545383275,1.724184871
176,175,2862,987040.6515,0,12.97622204,12.97622204,5.289027458,3.039612199,15137.19658,4.896641254,9.737487793
177,176,2916,1005664.06,0,4.866467476,4.866467476,1.117636546,1.074392685,3259.028168,1.219366789,2.724942446
178,177,2916,1005664.06,0,4.488278389,4.488278389,1.082608342,0.828057832,3156.885924,1.219366789,1.724184871
179,178,2916,1005664.06,0,11.74441242,11.74441242,1.936766375,2.647012734,5647.61075,1.219366789,6.334464073
180,179,2916,1005664.06,0,13.98967648,13.98967648,6.041713707,3.054875527,17617.63717,6.002085209,10.47157669
181,180,2916,1005664.06,0,14.75027275,14.75027275,2.527556507,2.769335875,7370.354774,1.542250872,6.561258316
182,181,2916,1005664.06,0,24.3386116,24.3386116,8.504633509,5.45955312,24799.51131,7.074963093,17.08084488
183,182,2916,1005664.06,0,1.724184871,1.724184871,0.551694361,0.684624979,1608.740756,0,1.635754704
184,183,2862,987040.6515,0,7.667024136,7.667024136,1.036952648,1.399825721,2967.75848,0.545383275,2.934499025
185,184,2916,1005664.06,0,9.176465034,9.176465034,2.221061119,2.003228682,6476.614223,1.635754704,5.258014679
186,185,2862,987040.6515,0,6.194268227,6.194268227,0.867553372,1.261395804,2482.93775,0,2.724942446
187,186,2916,1005664.06,0,4.681261539,4.681261539,1.629137973,0.973216073,4750.56633,1.542250872,3.082270145
188,187,2862,987040.6515,0,1.724184871,1.724184871,0.488876604,0.671570418,1399.164842,0,1.635754704
189,188,2916,1005664.06,0,4.1463871,4.1463871,1.220626046,0.903860721,3559.345551,1.542250872,2.312678337
190,189,2916,1005664.06,0,4.617845535,4.617845535,1.135993435,0.949453671,3312.556856,1.542250872,2.247587204
191,190,2916,1005664.06,0,8.000328064,8.000328064,1.122826184,1.334971097,3274.161152,1.219366789,2.247587204
192,191,2862,987040.6515,0,19.73953438,19.73953438,4.445757644,4.085127007,12723.75838,3.082270145,11.08987236
193,192,2862,987040.6515,0,11.80408764,11.80408764,3.458903609,2.151666319,9899.382129,2.934499025,6.538944721
194,193,2916,1005664.06,0,3.445252657,3.445252657,1.213336151,0.706899433,3538.088217,1.542250872,1.724184871
195,194,2916,1005664.06,0,3.176939964,3.176939964,0.583547307,0.7308976,1701.623946,0,1.635754704
196,195,2916,1005664.06,0,1.724184871,1.724184871,0.752738348,0.709486774,2194.985021,0.545383275,1.635754704
197,196,2916,1005664.06,0,9.331664085,9.331664085,1.578357465,1.099868438,4602.490367,1.542250872,2.934499025
198,197,2916,1005664.06,0,3.082270145,3.082270145,0.81025664,0.738745024,2362.708362,0.545383275,1.724184871
199,198,2862,987040.6515,0,3.926774025,3.926774025,1.013970915,0.86164669,2901.984758,1.219366789,1.724184871
200,199,2862,987040.6515,0,11.10261822,11.10261822,1.465266465,2.014532787,4193.592623,1.219366789,3.313837051
201,200,2916,1005664.06,0,11.31687164,11.31687164,3.252486114,2.143087809,9484.249507,2.724942446,6.538944721
202,201,2916,1005664.06,0,12.62862778,12.62862778,2.82334866,2.540526271,8232.884692,2.247587204,6.334464073
203,202,2916,1005664.06,0,1.724184871,1.724184871,0.290716267,0.5679055,847.7286358,0,1.542250872
204,203,2916,1005664.06,0,14.45166397,14.45166397,2.162082979,2.913914917,6304.633966,1.542250872,6.002085209
205,204,2862,987040.6515,0,13.42722797,13.42722797,1.611791284,1.612456205,4612.946655,1.542250872,3.082270145
206,205,2916,1005664.06,0,3.082270145,3.082270145,0.704383454,0.771450752,2053.982152,0,1.635754704
207,206,2862,987040.6515,0,6.194268227,6.194268227,1.653489822,1.322428233,4732.28787,1.542250872,3.176939964
208,207,2916,1005664.06,0,4.866467476,4.866467476,0.543622681,0.870641642,1585.203736,0,1.635754704
209,208,2916,1005664.06,0,2.180545568,2.180545568,0.50018409,0.680694062,1458.536806,0,1.542250872
210,209,2862,987040.6515,0,13.9405241,13.9405241,4.51418953,2.118757257,12919.61044,4.388551235,7.297879696
211,210,2916,1005664.06,0,1.724184871,1.724184871,0.463234505,0.665171446,1350.791816,0,1.542250872
212,211,2862,987040.6515,0,11.51450539,11.51450539,2.531258963,2.117084159,7244.463152,1.724184871,5.878684521
213,212,2862,987040.6515,0,1.724184871,1.724184871,0.298179655,0.576582281,853.3901732,0,1.542250872
214,213,2916,1005664.06,0,7.237793922,7.237793922,1.273105941,1.039217483,3712.376923,1.542250872,2.247587204
215,214,2862,987040.6515,0,2.724942446,2.724942446,0.361092276,0.632727342,1033.446093,0,1.542250872
216,215,2916,1005664.06,0,1.724184871,1.724184871,0.298024421,0.578206703,869.0392106,0,1.542250872
217,216,2862,987040.6515,0,7.609983444,7.609983444,1.067676423,1.001721188,3055.689923,1.219366789,2.180545568
218,217,2916,1005664.06,0,7.074963093,7.074963093,0.745543304,1.021874116,2174.004275,0,1.724184871
219,218,2916,1005664.06,0,6.357520103,6.357520103,1.39235003,1.249480016,4060.092686,1.542250872,3.082270145
220,219,2862,987040.6515,0,9.192111015,9.192111015,1.715745846,1.80361037,4910.464611,1.542250872,4.617845535
221,220,2916,1005664.06,0,17.43142509,17.43142509,1.015213118,1.759856536,2960.361453,0.545383275,1.724184871
222,221,1277,440409.1237,0,1.724184871,1.724184871,0.528049451,0.683134989,674.3191485,0,1.635754704
223,222,2916,1005664.06,0,2.180545568,2.180545568,0.682959001,0.702664632,1991.508448,0.545383275,1.635754704
224,223,2916,1005664.06,0,2.934499025,2.934499025,0.624569524,0.77031795,1821.244732,0,1.724184871
225,224,2916,1005664.06,0,7.704805851,7.704805851,3.207462919,2.01684203,9352.96187,3.082270145,6.146802902
226,225,2862,987040.6515,0,10.47157669,10.47157669,0.983607775,1.237508979,2815.085451,0.545383275,1.724184871
227,226,2916,1005664.06,0,6.146802902,6.146802902,0.886637255,0.894439586,2585.434237,0.545383275,1.724184871
228,227,2916,1005664.06,0,16.05492783,16.05492783,3.853507529,3.287199722,11236.82795,3.082270145,9.176465034
229,228,2862,987040.6515,0,9.331664085,9.331664085,1.681120196,1.735307143,4811.366001,1.542250872,4.354793072
230,229,2916,1005664.06,0,1.724184871,1.724184871,0.451704351,0.651268845,1317.169889,0,1.635754704
231,230,2862,987040.6515,0,1.724184871,1.724184871,0.770179697,0.723303786,2204.254292,0.545383275,1.635754704
232,231,2824,973935.29,0,8.726204872,8.726204872,2.620991764,1.293850508,7401.680742,2.247587204,4.354793072
233,232,2916,1005664.06,0,3.082270145,3.082270145,0.912454294,0.729815791,2660.716722,1.219366789,1.724184871
234,233,2916,1005664.06,0,2.180545568,2.180545568,0.529900749,0.689160314,1545.190583,0,1.635754704
235,234,2916,1005664.06,0,10.9097147,10.9097147,1.952266935,2.251649959,5692.810383,1.542250872,5.13152647
236,235,2862,987040.6515,0,4.1463871,4.1463871,0.865918188,0.790482739,2478.257854,0.545383275,1.724184871
237,236,2862,987040.6515,0,10.69973564,10.69973564,1.749661409,2.165607437,5007.530951,1.219366789,5.13152647
238,237,2916,1005664.06,0,9.854283333,9.854283333,1.440011059,0.914760689,4199.072248,1.542250872,2.180545568
239,238,2916,1005664.06,0,2.724942446,2.724942446,0.689186506,0.720932144,2009.66785,0.545383275,1.724184871
240,239,2916,1005664.06,0,3.964232206,3.964232206,0.447598487,0.687384206,1305.197188,0,1.542250872
241,240,2916,1005664.06,0,3.850750208,3.850750208,0.61366519,0.78930525,1789.447693,0,1.724184871
242,241,2916,1005664.06,0,3.082270145,3.082270145,1.011528804,0.801225908,2949.617993,1.219366789,1.724184871
243,242,2862,987040.6515,0,3.082270145,3.082270145,0.861057687,0.766785578,2464.3471,1.219366789,1.724184871
244,243,2916,1005664.06,0,11.79218006,11.79218006,1.462640122,1.413088786,4265.058594,1.542250872,2.724942446
245,244,2916,1005664.06,0,4.388551235,4.388551235,1.154749817,0.988988801,3367.250467,1.219366789,2.724942446
246,245,2916,1005664.06,0,13.5398407,13.5398407,4.681485624,2.664727798,13651.21208,4.388551235,8.054470062
247,246,2916,1005664.06,0,16.47311401,16.47311401,3.01632392,3.182129891,8795.60055,1.965695262,7.337539673
248,247,2916,1005664.06,0,3.082270145,3.082270145,0.506373575,0.704990273,1476.585345,0,1.542250872
249,248,2916,1005664.06,0,1.724184871,1.724184871,0.390903321,0.634410999,1139.874085,0,1.542250872
250,249,2916,1005664.06,0,9.574383736,9.574383736,0.853545424,1.419259279,2488.938457,0,1.724184871
251,250,2916,1005664.06,0,1.724184871,1.724184871,0.440885373,0.656777558,1285.621748,0,1.542250872
252,251,2916,1005664.06,0,1.724184871,1.724184871,0.397926251,0.63839036,1160.352947,0,1.542250872
253,252,1985,684582.7021,0,6.194268227,6.194268227,1.239123402,1.045488215,2459.659953,1.542250872,2.247587204
254,253,2916,1005664.06,0,9.663716316,9.663716316,2.666853609,2.371446217,7776.545125,1.724184871,6.334464073
255,254,2916,1005664.06,0,16.44887543,16.44887543,1.421826926,2.092321999,4146.047315,1.219366789,3.313837051
256,255,2862,987040.6515,0,18.59363937,18.59363937,5.611832537,3.873525813,16061.06472,5.015487194,11.10134363
257,256,2862,987040.6515,0,6.194268227,6.194268227,1.679283622,1.298586318,4806.109725,1.542250872,3.176939964
258,257,2916,1005664.06,0,10.23786449,10.23786449,1.574403251,1.805517855,4590.95988,1.219366789,4.1463871
259,258,2916,1005664.06,0,2.437630177,2.437630177,0.654287979,0.721273275,1907.903746,0.545383275,1.635754704
260,259,2916,1005664.06,0,2.724942446,2.724942446,0.545091042,0.702763298,1589.485478,0,1.635754704
261,260,2916,1005664.06,0,15.06890583,15.06890583,1.354489104,2.867845467,3949.690227,0,4.388551235
262,261,2916,1005664.06,0,12.24703503,12.24703503,2.20439656,2.615304839,6428.02037,1.542250872,5.778011799
263,262,2916,1005664.06,0,8.143865585,8.143865585,1.867799268,1.862729324,5446.502665,1.542250872,4.665462494
264,263,2916,1005664.06,0,4.866467476,4.866467476,1.248102308,1.016067121,3639.466331,1.542250872,2.724942446
265,264,2916,1005664.06,0,2.180545568,2.180545568,0.598019632,0.695965098,1743.825247,0,1.635754704
266,265,2916,1005664.06,0,3.082270145,3.082270145,1.27438569,0.625605804,3716.108673,1.542250872,1.724184871
267,266,2862,987040.6515,0,9.781461716,9.781461716,1.251926004,0.989010966,3583.012224,1.542250872,1.965695262
268,267,2862,987040.6515,0,1.724184871,1.724184871,0.594512893,0.701559786,1701.495898,0,1.542250872
269,268,2916,1005664.06,0,8.40604496,8.40604496,1.923940916,1.893584684,5610.21171,1.542250872,4.866467476
270,269,2916,1005664.06,0,3.176939964,3.176939964,1.24958568,0.791898554,3643.791842,1.542250872,2.180545568
271,270,2916,1005664.06,0,3.082270145,3.082270145,0.884118967,0.741373073,2578.090908,1.219366789,1.724184871
272,271,2916,1005664.06,0,2.437630177,2.437630177,0.788822602,0.722819168,2300.206707,0.545383275,1.724184871
273,272,2862,987040.6515,0,12.51775646,12.51775646,2.155360296,2.334233099,6168.641167,1.542250872,5.59735918
274,273,2916,1005664.06,0,11.41616249,11.41616249,2.607428204,2.33024896,7603.260643,1.724184871,6.002085209
275,274,2916,1005664.06,0,4.617845535,4.617845535,1.26254684,0.868169635,3681.586585,1.542250872,2.180545568
276,275,2916,1005664.06,0,3.176939964,3.176939964,1.103429514,0.722502959,3217.600464,1.219366789,1.724184871
277,276,2916,1005664.06,0,2.934499025,2.934499025,0.778775842,0.726201061,2270.910356,0.545383275,1.724184871
278,277,2916,1005664.06,0,11.80408764,11.80408764,2.209971232,1.969990827,6444.276112,1.635754704,4.926627159
279,278,2862,987040.6515,0,7.667024136,7.667024136,0.593526677,0.832508361,1698.67335,0,1.635754704
280,279,2916,1005664.06,0,3.082270145,3.082270145,1.191825643,0.786369067,3475.363575,1.542250872,1.965695262
281,280,2916,1005664.06,0,7.533224583,7.533224583,2.497830625,1.6777181,7283.674104,2.247587204,4.866467476
282,281,2916,1005664.06,0,2.724942446,2.724942446,1.019819712,0.714491553,2973.794281,1.219366789,1.724184871
283,282,2916,1005664.06,0,3.082270145,3.082270145,0.952400131,0.74210464,2777.198783,1.219366789,1.724184871
284,283,2916,1005664.06,0,2.180545568,2.180545568,0.514338236,0.684660684,1499.810297,0,1.635754704
285,284,2916,1005664.06,0,3.082270145,3.082270145,0.806300618,0.709104918,2351.172603,0.545383275,1.724184871
286,285,2862,987040.6515,0,15.57130337,15.57130337,2.742742175,2.674433896,7849.728106,1.724184871,6.538944721
287,286,2336,805634.8574,0,6.561258316,6.561258316,2.62217368,1.468404042,6125.397716,2.247587204,4.866467476
288,287,2916,1005664.06,0,8.000328064,8.000328064,1.921717629,1.923842188,5603.728605,1.542250872,4.866467476
289,288,2916,1005664.06,0,16.91777611,16.91777611,1.454965593,2.757367824,4242.679669,0.545383275,2.856661081
290,289,2916,1005664.06,0,9.331664085,9.331664085,1.724698004,1.982469094,5029.219381,1.219366789,4.866467476
291,290,2916,1005664.06,0,3.082270145,3.082270145,0.919404597,0.710721234,2680.983805,1.219366789,1.724184871
292,291,2916,1005664.06,0,1.724184871,1.724184871,0.570334592,0.693712138,1663.095672,0,1.635754704
293,292,2809,968762.121,0,5.544634819,5.544634819,2.10718172,1.077355811,5919.073451,1.724184871,3.445252657
294,293,2916,1005664.06,0,14.37586975,14.37586975,2.586227343,2.646746917,7541.438933,1.724184871,6.146802902
295,294,2916,1005664.06,0,16.23693657,16.23693657,0.758070166,2.019288729,2210.532605,0,1.724184871
296,295,2916,1005664.06,0,1.724184871,1.724184871,0.477035019,0.671333385,1391.034116,0,1.542250872
297,296,2916,1005664.06,0,1.724184871,1.724184871,0.402496819,0.64617662,1173.680724,0,1.542250872
298,297,2916,1005664.06,0,1.724184871,1.724184871,0.500742863,0.668949825,1460.166188,0,1.635754704
299,298,2916,1005664.06,0,1.724184871,1.724184871,0.523051889,0.681405574,1525.219309,0,1.635754704
300,299,1146,395230.1141,0,1.724184871,1.724184871,0.635825951,0.704083572,728.6565396,0.545383275,1.635754704
301,300,2862,987040.6515,0,2.934499025,2.934499025,0.681171542,0.711530806,1949.512952,0.545383275,1.724184871
302,301,2862,987040.6515,0,12.51775646,12.51775646,4.164450881,2.596962656,11918.65842,3.445252657,8.143865585
303,302,2862,987040.6515,0,3.082270145,3.082270145,0.810814182,0.744458834,2320.55019,0.545383275,1.724184871
304,303,2862,987040.6515,0,1.724184871,1.724184871,0.508992786,0.674640573,1456.737354,0,1.635754704
305,304,2916,1005664.06,0,16.75273514,16.75273514,6.626879088,3.430995384,19323.97942,6.146802902,11.47767067
306,305,2916,1005664.06,0,10.69973564,10.69973564,2.936128738,2.552710141,8561.751399,1.724184871,7.297879696
307,306,2916,1005664.06,0,1.724184871,1.724184871,0.534427822,0.685508717,1558.391528,0,1.635754704
308,307,2916,1005664.06,0,5.59735918,5.59735918,1.894430001,0.954888675,5524.157883,1.724184871,3.082270145
309,308,2916,1005664.06,0,6.605650902,6.605650902,0.995898621,1.228940971,2904.040378,0.545383275,2.778823137
310,309,2862,987040.6515,0,12.87953854,12.87953854,5.084223286,2.731951278,14551.04704,4.926627159,8.922139168
311,310,2916,1005664.06,0,10.77900314,10.77900314,2.370695971,1.945235778,6912.949451,1.724184871,5.355909824
312,311,2916,1005664.06,0,8.249793053,8.249793053,1.158114333,1.117791607,3377.061394,1.219366789,2.724942446
313,312,2916,1005664.06,0,9.3008461,9.3008461,2.346220143,1.758075893,6841.577938,1.724184871,4.649663448
314,313,2916,1005664.06,0,8.249793053,8.249793053,1.556038262,1.791720667,4537.407571,1.219366789,4.617845535
315,314,1719,592845.1712,0,2.180545568,2.180545568,0.563230519,0.706747543,968.1932626,0,1.542250872
316,315,2862,987040.6515,0,7.704805851,7.704805851,1.542443655,1.227807793,4414.473741,1.542250872,3.082270145
317,316,2916,1005664.06,0,4.866467476,4.866467476,0.666095258,0.860373952,1942.333772,0,1.724184871
318,317,2916,1005664.06,0,12.4506979,12.4506979,1.173240314,1.975317694,3421.168754,0.545383275,1.724184871
319,318,2862,987040.6515,0,10.47157669,10.47157669,2.09107357,2.021134008,5984.652557,1.542250872,4.681261539
320,319,2916,1005664.06,0,2.724942446,2.724942446,0.470402227,0.670993706,1371.692895,0,1.542250872
321,320,2916,1005664.06,0,14.42329597,14.42329597,3.065927373,3.684003928,8940.244221,1.635754704,9.446268559
322,321,2916,1005664.06,0,4.1463871,4.1463871,0.977558413,0.753952986,2850.560331,1.219366789,1.724184871
323,322,2916,1005664.06,0,7.37719965,7.37719965,2.338922313,1.537858116,6820.297464,2.180545568,4.617845535
324,323,2916,1005664.06,0,3.082270145,3.082270145,0.754241557,0.723395543,2199.36838,0.545383275,1.724184871
325,324,2916,1005664.06,0,10.69973564,10.69973564,2.753534934,2.119033187,8029.307868,2.247587204,5.778011799
326,325,756,260727.7193,0,10.04095173,10.04095173,1.035135861,1.880647477,782.5627109,0,2.934499025
327,326,2916,1005664.06,0,6.334464073,6.334464073,0.842137576,0.999219356,2455.673172,0.545383275,1.724184871
328,327,2916,1005664.06,0,6.194268227,6.194268227,1.421306427,1.325082931,4144.529542,1.542250872,3.082270145
329,328,2862,987040.6515,0,9.663716316,9.663716316,2.692683021,1.981150867,7706.458805,2.180545568,5.544634819
330,329,2916,1005664.06,0,13.23011589,13.23011589,3.236156875,3.213163949,9436.633448,1.724184871,8.559282303
331,330,2916,1005664.06,0,1.724184871,1.724184871,0.253976772,0.543245255,740.5962685,0,1.542250872
332,331,2862,987040.6515,0,3.082270145,3.082270145,0.787892069,0.748551466,2254.947102,0.545383275,1.724184871
333,332,2916,1005664.06,0,1.724184871,1.724184871,0.623233255,0.705862066,1817.348171,0,1.635754704
334,333,2916,1005664.06,0,2.724942446,2.724942446,0.79001582,0.727479239,2303.686132,0.545383275,1.724184871
335,334,2809,968762.121,0,7.609983444,7.609983444,3.258296511,1.554831902,9152.554899,3.082270145,5.544634819
336,335,2916,1005664.06,0,5.437613487,5.437613487,1.679148756,1.168797762,4896.397773,1.635754704,3.313837051
337,336,2862,987040.6515,0,14.37586975,14.37586975,2.565108752,2.88234196,7341.341249,1.542250872,7.136478424
338,337,2916,1005664.06,0,4.354793072,4.354793072,0.766459117,0.799632686,2234.994785,0.545383275,1.724184871
339,338,2916,1005664.06,0,7.81700182,7.81700182,2.638526913,1.316411177,7693.944477,2.247587204,4.488278389
340,339,2916,1005664.06,0,8.000328064,8.000328064,1.264621651,1.063692659,3687.636735,1.542250872,2.180545568
341,340,2916,1005664.06,0,6.334464073,6.334464073,1.465498874,1.466444559,4273.394716,1.542250872,3.487947464
342,341,2916,1005664.06,0,2.437630177,2.437630177,0.418473059,0.645652201,1220.267439,0,1.542250872
343,342,2862,987040.6515,0,10.47157669,10.47157669,1.826097924,1.657388883,5226.292258,1.635754704,4.1463871
344,343,2916,1005664.06,0,5.015487194,5.015487194,0.914164131,0.885138589,2665.702606,1.090667725,1.724184871
345,344,2916,1005664.06,0,1.724184871,1.724184871,0.463688665,0.666848056,1352.116148,0,1.542250872
346,345,2916,1005664.06,0,9.737487793,9.737487793,0.758278873,1.200059721,2211.141193,0,1.724184871
347,346,2916,1005664.06,0,2.724942446,2.724942446,0.627207345,0.719674207,1828.936618,0,1.635754704
348,347,2862,987040.6515,0,11.87525654,11.87525654,3.187668304,2.155164438,9123.106685,2.778823137,5.778011799
349,348,2916,1005664.06,0,3.445252657,3.445252657,0.555000499,0.760694338,1618.381456,0,1.724184871
350,349,2916,1005664.06,0,10.69973564,10.69973564,1.849540507,2.058284489,5393.260119,1.542250872,4.866467476
351,350,2916,1005664.06,0,23.66729355,23.66729355,2.880436949,4.057392289,8399.354143,1.542250872,8.482663631
352,351,2916,1005664.06,0,12.62862778,12.62862778,2.260497054,2.761639767,6591.609409,1.542250872,6.715303421
353,352,2916,1005664.06,0,8.559282303,8.559282303,1.736837337,1.81859621,5064.617675,1.542250872,4.649663448
354,353,2916,1005664.06,0,10.77900314,10.77900314,1.993524595,2.383518026,5813.11772,1.542250872,6.074887753
355,354,2862,987040.6515,0,12.95480824,12.95480824,3.601986161,2.270458216,10308.88439,3.082270145,6.865769386
356,355,2916,1005664.06,0,11.10261822,11.10261822,3.252966483,2.135653562,9485.650265,3.082270145,6.002085209
357,356,2916,1005664.06,0,4.488278389,4.488278389,0.755474243,0.927634553,2202.962894,0,1.724184871
358,357,2809,968762.121,0,5.778011799,5.778011799,2.012090755,1.096547812,5651.962932,1.724184871,3.445252657
359,358,2862,987040.6515,0,6.194268227,6.194268227,1.33278342,1.155746875,3814.426148,1.542250872,2.724942446
360,359,2916,1005664.06,0,3.445252657,3.445252657,0.791406354,0.799073179,2307.740927,0.545383275,1.724184871
361,360,2916,1005664.06,0,14.75027275,14.75027275,3.791633902,3.506512705,11056.40446,2.724942446,9.20772934
362,361,2862,987040.6515,0,10.59303474,10.59303474,2.132676817,1.727804842,6103.721051,1.724184871,4.488278389
363,362,2862,987040.6515,0,3.176939964,3.176939964,0.653326229,0.742340982,1869.819666,0,1.635754704
364,363,2916,1005664.06,0,12.96551991,12.96551991,4.913178655,2.792985875,14326.82896,4.354793072,9.663716316
365,364,2916,1005664.06,0,3.176939964,3.176939964,0.60862399,0.790232742,1774.747554,0,1.724184871
366,365,2809,968762.121,0,10.417099,10.417099,3.682780813,1.743365199,10344.9313,3.445252657,6.074887753
367,366,2916,1005664.06,0,4.354793072,4.354793072,0.907192429,0.818427916,2645.373123,1.219366789,1.724184871
368,367,2916,1005664.06,0,9.3008461,9.3008461,2.678214151,1.91442386,7809.672463,2.180545568,5.675504684
369,368,2916,1005664.06,0,9.3008461,9.3008461,2.598662471,1.88396167,7577.699766,2.180545568,5.13152647
370,369,2916,1005664.06,0,13.05085754,13.05085754,3.631919949,2.188945196,10590.67857,3.176939964,6.334464073
371,370,2916,1005664.06,0,19.71387672,19.71387672,3.309582007,3.246138953,9650.741134,2.247587204,7.571680307
372,371,2862,987040.6515,0,8.249793053,8.249793053,1.800424557,1.55993015,5152.815082,1.542250872,4.1463871
373,372,2862,987040.6515,0,9.331664085,9.331664085,2.168375669,1.843742906,6205.891166,1.635754704,5.015487194
374,373,756,260727.7193,0,20.80910683,20.80910683,1.878161118,4.344362902,1419.889805,0,9.176465034
375,374,2916,1005664.06,0,4.617845535,4.617845535,0.867269701,0.810583599,2528.958448,0.545383275,1.724184871
376,375,2916,1005664.06,0,8.249793053,8.249793053,2.464625211,1.768965748,7186.847114,1.724184871,5.13152647
377,376,2862,987040.6515,0,21.09292221,21.09292221,6.745759348,4.17073292,19306.36325,6.516551971,11.87525654
378,377,2862,987040.6515,0,16.49731064,16.49731064,2.25556147,2.435439907,6455.416927,1.542250872,6.067607498
379,378,2916,1005664.06,0,4.617845535,4.617845535,1.479449275,0.920051261,4314.074086,1.542250872,2.724942446
380,379,2916,1005664.06,0,1.724184871,1.724184871,0.471671091,0.671325832,1375.392902,0,1.542250872
381,380,130,44834.13162,1.542250872,7.237793922,5.695543051,3.702027334,1.156789517,481.2635534,3.445252657,5.015487194
382,381,2916,1005664.06,0,1.724184871,1.724184871,0.311919044,0.590152649,909.555932,0,1.542250872
383,382,2916,1005664.06,0,7.074963093,7.074963093,2.91816959,1.396357283,8509.382523,2.724942446,5.015487194
384,383,2862,987040.6515,0,1.724184871,1.724184871,0.606887338,0.704871692,1736.91156,0,1.635754704
385,384,2916,1005664.06,0,7.074963093,7.074963093,0.967475387,1.244326565,2821.158229,0.545383275,2.724942446
386,385,2110,727692.444,0,8.000328064,8.000328064,1.864886134,1.524927251,3934.909743,1.635754704,4.1463871
387,386,2916,1005664.06,0,4.681261539,4.681261539,1.565887389,0.871055601,4566.127627,1.635754704,2.724942446
388,387,2916,1005664.06,0,3.082270145,3.082270145,0.458019934,0.672410123,1335.586128,0,1.542250872
389,388,2916,1005664.06,0,5.878684521,5.878684521,1.794291193,1.163620489,5232.153119,1.635754704,3.445252657
390,389,2916,1005664.06,0,4.388551235,4.388551235,0.881934407,0.825551373,2571.720729,0.545383275,1.724184871
391,390,2916,1005664.06,0,3.082270145,3.082270145,0.690802391,0.730966579,2014.379773,0.545383275,1.635754704
392,391,2916,1005664.06,0,8.000328064,8.000328064,2.875015691,1.238461144,8383.545754,2.778823137,4.388551235
393,392,2862,987040.6515,0,2.437630177,2.437630177,0.546850883,0.70048934,1565.087228,0,1.635754704
394,393,2862,987040.6515,0,2.934499025,2.934499025,0.642553318,0.734572157,1838.987597,0,1.635754704
395,394,2916,1005664.06,0,6.516551971,6.516551971,2.50202337,1.105718348,7295.900148,2.247587204,4.1463871
396,395,2916,1005664.06,0,9.438677788,9.438677788,1.354149316,1.776573432,3948.699406,1.090667725,3.653692245
397,396,2916,1005664.06,0,2.934499025,2.934499025,0.885636958,0.731543763,2582.517371,1.219366789,1.724184871
398,397,2916,1005664.06,0,3.082270145,3.082270145,0.818762653,0.7302965,2387.511896,0.545383275,1.724184871
399,398,2862,987040.6515,0,13.6412878,13.6412878,3.904588269,3.154244959,11174.93163,2.934499025,8.873587608
400,399,2916,1005664.06,0,7.81700182,7.81700182,1.380720294,1.424550531,4026.180377,1.219366789,3.268847227
401,400,2916,1005664.06,0,8.284785271,8.284785271,2.728037338,1.462877927,7954.956879,2.247587204,4.681261539
402,401,2916,1005664.06,0,1.724184871,1.724184871,0.433966665,0.642843641,1265.446796,0,1.635754704
403,402,2916,1005664.06,0,2.934499025,2.934499025,0.372229885,0.634210716,1085.422344,0,1.542250872
404,403,2916,1005664.06,0,4.681261539,4.681261539,0.735430712,0.839612957,2144.515957,0,1.724184871
405,404,2916,1005664.06,0,2.437630177,2.437630177,0.688372171,0.719596024,2007.293252,0.545383275,1.635754704
406,405,1629,561806.157,0,1.724184871,1.724184871,0.39699777,0.642746,646.7093672,0,1.542250872
407,406,2916,1005664.06,0,9.176465034,9.176465034,2.001500706,1.814671055,5836.376058,1.635754704,4.866467476
408,407,1395,481104.7201,0,1.724184871,1.724184871,0.478282234,0.669284248,667.2037158,0,1.635754704
409,408,2916,1005664.06,0,17.7071228,17.7071228,3.151932176,4.50574017,9191.034224,1.219366789,11.40380383
410,409,2916,1005664.06,0,3.082270145,3.082270145,0.508841307,0.690220331,1483.781251,0,1.542250872
411,410,2916,1005664.06,0,7.074963093,7.074963093,0.591043494,1.079875413,1723.482829,0,1.724184871
412,411,2916,1005664.06,0,1.724184871,1.724184871,0.526933859,0.679083527,1536.539133,0,1.635754704
413,412,2916,1005664.06,0,12.56223774,12.56223774,5.095816991,2.381242622,14859.40235,4.681261539,8.559282303
414,413,2916,1005664.06,0,2.437630177,2.437630177,0.595923082,0.717909595,1737.711706,0,1.635754704
415,414,2916,1005664.06,0,9.663716316,9.663716316,1.320732491,1.19774859,3851.255944,1.542250872,2.724942446
416,415,265,91392.65292,0,8.143865585,8.143865585,3.425936253,1.841317015,907.873107,3.082270145,6.516551971
417,416,2916,1005664.06,0,3.176939964,3.176939964,0.654942662,0.722149929,1909.812801,0.545383275,1.635754704
418,417,2916,1005664.06,0,1.724184871,1.724184871,0.491210314,0.676730581,1432.369275,0,1.635754704
419,418,2916,1005664.06,0,2.724942446,2.724942446,0.222906693,0.523576353,649.9959157,0,1.219366789
420,419,2916,1005664.06,0,3.082270145,3.082270145,0.8548838,0.762424115,2492.841159,1.219366789,1.724184871
421,420,2916,1005664.06,0,6.146802902,6.146802902,0.9215369,0.928351936,2687.2016,1.090667725,1.724184871
422,421,2916,1005664.06,0,3.082270145,3.082270145,0.990725241,0.76895016,2888.954801,1.219366789,1.724184871
423,422,2916,1005664.06,0,14.37586975,14.37586975,5.099221383,3.854747877,14869.32955,3.487947464,11.10261822
424,423,2862,987040.6515,0,8.126070023,8.126070023,2.685648655,1.604232337,7686.326451,2.724942446,4.866467476
425,424,2916,1005664.06,0,12.3606472,12.3606472,2.568605586,2.296266059,7490.053888,1.724184871,6.146802902
426,425,2421,834949.482,0,6.074887753,6.074887753,1.85955319,1.083271151,4501.978274,1.724184871,3.176939964
427,426,2916,1005664.06,0,1.724184871,1.724184871,0.598836899,0.698774513,1746.208398,0,1.635754704
428,427,2916,1005664.06,0,10.23786449,10.23786449,1.334819686,1.767805827,3892.334205,0.545383275,3.487947464
429,428,2916,1005664.06,0,3.082270145,3.082270145,0.929383074,0.762456193,2710.081043,1.219366789,1.724184871
430,429,2916,1005664.06,0,9.20772934,9.20772934,3.24592725,1.833619301,9465.123862,3.082270145,5.778011799
431,430,2862,987040.6515,0,3.850750208,3.850750208,1.221278251,0.730240441,3495.298354,1.542250872,1.724184871
432,431,2862,987040.6515,0,1.724184871,1.724184871,0.53777294,0.684805361,1539.106155,0,1.635754704
433,432,2916,1005664.06,0,6.865769386,6.865769386,1.821831727,1.458361952,5312.461315,1.542250872,3.850750208
434,433,2916,1005664.06,0,4.388551235,4.388551235,2.322985368,0.737257442,6773.825332,2.180545568,3.445252657
435,434,2862,987040.6515,0,10.04095173,10.04095173,1.888725571,2.291699067,5405.532585,1.542250872,5.464570045
436,435,2916,1005664.06,0,12.26985168,12.26985168,1.015476317,2.050021836,2961.12894,0,2.180545568
437,436,2916,1005664.06,0,1.724184871,1.724184871,0.520199927,0.685819179,1516.902988,0,1.542250872
438,437,2862,987040.6515,0,1.724184871,1.724184871,0.287071352,0.565631714,821.5982088,0,1.542250872
439,438,2916,1005664.06,0,7.81700182,7.81700182,1.848967837,1.48215847,5391.590214,1.635754704,4.1463871
440,439,2916,1005664.06,0,7.81700182,7.81700182,0.663131813,1.168437044,1933.692366,0,1.724184871
441,440,2916,1005664.06,0,3.082270145,3.082270145,1.159138101,0.771345921,3380.046702,1.542250872,1.724184871
442,441,2862,987040.6515,0,16.27795601,16.27795601,3.13163409,3.589535937,8962.736766,1.635754704,9.176465034
443,442,2916,1005664.06,0,10.89672089,10.89672089,1.062335711,1.577181401,3097.770933,0.545383275,1.724184871
444,443,2916,1005664.06,0,4.681261539,4.681261539,1.524790188,0.833833355,4446.288188,1.542250872,2.724942446
445,444,2916,1005664.06,0,10.083498,10.083498,2.772492519,1.858395655,8084.588185,2.247587204,5.015487194
446,445,2916,1005664.06,0,2.934499025,2.934499025,0.658009136,0.738290091,1918.754642,0.545383275,1.724184871
447,446,2916,1005664.06,0,6.194268227,6.194268227,0.815518505,1.145255402,2378.05196,0,1.724184871
448,447,2916,1005664.06,0,6.146802902,6.146802902,2.095137936,1.061656141,6109.422221,1.724184871,3.445252657
449,448,2809,968762.121,0,1.724184871,1.724184871,0.311211108,0.59162893,874.192003,0,1.542250872
450,449,2916,1005664.06,0,1.724184871,1.724184871,0.396446568,0.633382845,1156.038194,0,1.542250872
451,450,2916,1005664.06,0,1.724184871,1.724184871,0.525142046,0.691025732,1531.314205,0,1.542250872
452,451,2916,1005664.06,0,12.96551991,12.96551991,1.944136835,2.648541604,5669.103011,1.219366789,6.334464073
453,452,2862,987040.6515,0,3.082270145,3.082270145,0.823842075,0.754475818,2357.836019,0.545383275,1.724184871
454,453,2916,1005664.06,0,19.24424171,19.24424171,2.748622845,4.172511998,8014.984215,1.219366789,9.331664085
455,454,2916,1005664.06,0,8.659845352,8.659845352,1.835959862,1.867677263,5353.658956,1.542250872,4.617845535
456,455,2862,987040.6515,0,10.37603569,10.37603569,3.114312167,1.837050954,8913.161421,2.934499025,5.544634819
457,456,2916,1005664.06,0,7.81700182,7.81700182,2.02972354,1.401708796,5918.673842,1.724184871,3.653692245
458,457,2916,1005664.06,0,3.653692245,3.653692245,0.64957345,0.728507117,1894.15618,0.545383275,1.724184871
459,458,2916,1005664.06,0,10.69973564,10.69973564,2.343367054,2.10719222,6833.258331,1.724184871,5.355909824
460,459,2916,1005664.06,0,1.724184871,1.724184871,0.549245003,0.693824573,1601.598427,0,1.635754704
461,460,2916,1005664.06,0,9.438677788,9.438677788,0.864490963,0.917987165,2520.855649,0.545383275,1.724184871
462,461,2916,1005664.06,0,9.20772934,9.20772934,2.526657138,2.211014792,7367.732214,2.180545568,5.544634819
463,462,2862,987040.6515,0,3.082270145,3.082270145,0.499500128,0.691352375,1429.569367,0,1.635754704
464,463,2916,1005664.06,0,11.74441242,11.74441242,4.254860122,2.025835982,12407.17212,4.1463871,6.865769386
465,464,2809,968762.121,0,11.10261822,11.10261822,2.616710611,2.177476576,7350.340107,1.724184871,5.59735918
466,465,2916,1005664.06,0,1.724184871,1.724184871,0.367497939,0.625843699,1071.623989,0,1.542250872
467,466,2916,1005664.06,0,3.082270145,3.082270145,0.562334716,0.710372263,1639.768031,0,1.635754704
468,467,2862,987040.6515,0,3.082270145,3.082270145,0.686515541,0.7113462,1964.807478,0.545383275,1.715341854
469,468,2862,987040.6515,0,2.180545568,2.180545568,0.774531763,0.713558286,2216.709906,0.545383275,1.724184871
470,469,2862,987040.6515,0,6.146802902,6.146802902,2.270710623,0.996842497,6498.773804,2.180545568,3.445252657
471,470,2916,1005664.06,0,12.24703503,12.24703503,4.309423998,2.082431711,12566.28038,4.1463871,7.074963093
472,471,2916,1005664.06,0,1.724184871,1.724184871,0.654868618,0.722096779,1909.596891,0,1.635754704
473,472,2916,1005664.06,0,9.002439499,9.002439499,1.54419633,1.428757563,4502.876497,1.542250872,3.445252657
474,473,2916,1005664.06,0,10.9097147,10.9097147,3.072619019,2.343407269,8959.75706,2.247587204,6.550101519
475,474,2862,987040.6515,0,7.704805851,7.704805851,2.017749304,1.43076259,5774.798508,1.724184871,3.926774025
476,475,2916,1005664.06,0,6.516551971,6.516551971,1.759318732,1.267936802,5130.173423,1.635754704,3.445252657
477,476,2916,1005664.06,0,7.667024136,7.667024136,2.305498038,1.235550117,6722.832278,2.180545568,3.964232206
478,477,2809,968762.121,0,1.724184871,1.724184871,0.493598132,0.677703097,1386.517154,0,1.542250872
479,478,1553,535595.4339,0,9.002439499,9.002439499,2.987832968,1.352968781,4640.1046,2.934499025,4.617845535
480,479,2916,1005664.06,0,10.59303474,10.59303474,1.47892135,1.684419299,4312.534656,1.219366789,3.487947464
481,480,2916,1005664.06,0,1.724184871,1.724184871,0.363621466,0.613321181,1060.320194,0,1.542250872
482,481,2916,1005664.06,0,1.724184871,1.724184871,0.587731245,0.702215904,1713.824312,0,1.542250872
483,482,2809,968762.121,0,2.180545568,2.180545568,0.665927305,0.712353702,1870.589801,0.545383275,1.724184871
484,483,1428,492485.692,0,23.10601997,23.10601997,6.405683357,5.34829983,9147.315833,4.617845535,15.31955824
485,484,2862,987040.6515,0,10.84457493,10.84457493,2.952238846,2.504774392,8449.307577,2.180545568,6.865769386
486,485,2862,987040.6515,0,3.812163115,3.812163115,1.442499681,0.84078177,4128.434087,1.542250872,2.724942446
487,486,2916,1005664.06,0,7.81700182,7.81700182,1.188076428,1.255508105,3464.430863,1.219366789,2.280132771
488,487,2862,987040.6515,0,1.724184871,1.724184871,0.554269426,0.685455559,1586.319096,0,1.635754704
489,488,2862,987040.6515,0,10.04095173,10.04095173,2.610099583,1.262729315,7470.105005,2.724942446,4.1463871
490,489,2862,987040.6515,0,3.850750208,3.850750208,0.848052226,0.808102472,2427.12547,0.545383275,1.724184871
491,490,2862,987040.6515,0,6.865769386,6.865769386,1.421384563,1.551549264,4068.00262,1.219366789,3.812163115
492,491,2862,987040.6515,0,5.59735918,5.59735918,0.811767953,0.919120081,2323.279881,0.545383275,1.724184871
493,492,2862,987040.6515,0,13.23011589,13.23011589,3.41899841,2.747104509,9785.173449,2.778823137,7.701027679
494,493,2916,1005664.06,0,13.38600731,13.38600731,1.804267681,1.884032072,5261.244558,1.542250872,3.812163115
495,494,2916,1005664.06,0,10.98732281,10.98732281,3.381259182,2.57238989,9859.751776,2.247587204,7.533224583
496,495,23,7932.192518,1.635754704,4.388551235,2.752796531,2.789569088,0.818524479,64.16008902,2.778823137,4.132247162
497,496,2862,987040.6515,0,11.79218006,11.79218006,1.423003287,1.888905235,4072.635408,1.219366789,2.724942446
498,497,2916,1005664.06,0,3.445252657,3.445252657,0.581712171,0.780578225,1696.272691,0,1.635754704
499,498,2862,987040.6515,0,18.03528214,18.03528214,1.867622779,2.957915662,5345.136393,0.545383275,6.067607498
500,499,2916,1005664.06,0,2.180545568,2.180545568,0.668262236,0.714872899,1948.652681,0.545383275,1.635754704
501,500,2916,1005664.06,0,3.082270145,3.082270145,0.941665656,0.720921141,2745.897054,1.219366789,1.724184871
502,501,2916,1005664.06,0,3.445252657,3.445252657,0.756182808,0.796575187,2205.029067,0.545383275,1.724184871
503,502,2916,1005664.06,0,6.146802902,6.146802902,1.578235464,1.372533898,4602.134614,1.542250872,3.487947464
504,503,2916,1005664.06,0,1.724184871,1.724184871,0.513728286,0.675681272,1498.031682,0,1.635754704
505,504,2916,1005664.06,0,3.082270145,3.082270145,0.832196524,0.763168642,2426.685064,0.545383275,1.724184871
506,505,2916,1005664.06,0,3.445252657,3.445252657,0.710442623,0.747156019,2071.650687,0.545383275,1.724184871
507,506,735,253485.2826,0,7.136478424,7.136478424,2.610680742,1.773637522,1918.850346,2.724942446,4.866467476
508,507,2916,1005664.06,0,3.082270145,3.082270145,0.634550582,0.713624038,1850.349498,0,1.635754704
509,508,2916,1005664.06,0,7.667024136,7.667024136,3.413912629,1.427338777,9954.969226,3.313837051,5.437613487
510,509,2916,1005664.06,0,3.082270145,3.082270145,0.675444951,0.728302672,1969.597476,0.545383275,1.635754704
511,510,2916,1005664.06,0,11.58765507,11.58765507,1.299468898,1.794107781,3789.251306,0.545383275,3.445252657
512,511,2862,987040.6515,0,11.44083595,11.44083595,3.451076241,2.903850545,9876.980201,2.934499025,8.000328064
513,512,2916,1005664.06,0,8.249793053,8.249793053,1.761707606,1.860479586,5137.139379,1.542250872,4.681261539
514,513,2916,1005664.06,0,2.437630177,2.437630177,0.745154405,0.723454377,2172.870245,0.545383275,1.724184871
515,514,2916,1005664.06,0,1.724184871,1.724184871,0.645752146,0.709158087,1883.013257,0.545383275,1.635754704
516,515,2862,987040.6515,0,5.59735918,5.59735918,2.385084029,0.784583843,6826.11049,2.247587204,3.313837051
517,516,2916,1005664.06,0,1.724184871,1.724184871,0.425047173,0.651285307,1239.437557,0,1.542250872
518,517,2862,987040.6515,0,6.074887753,6.074887753,1.804298963,1.23057031,5163.903632,1.635754704,3.445252657
519,518,2916,1005664.06,0,1.724184871,1.724184871,0.383938871,0.626075605,1119.565747,0,1.542250872
520,519,2916,1005664.06,0,15.36216164,15.36216164,2.241409463,3.121057289,6535.949993,1.219366789,7.136478424
521,520,2862,987040.6515,0,10.67317009,10.67317009,0.623831053,1.084829744,1785.404473,0,1.635754704
522,521,2916,1005664.06,0,10.89672089,10.89672089,2.020260462,2.082915648,5891.079506,1.542250872,4.896641254
523,522,2916,1005664.06,0,1.724184871,1.724184871,0.577406991,0.704606162,1683.718786,0,1.542250872
524,523,2862,987040.6515,0,8.659845352,8.659845352,2.804072342,1.764680995,8025.255044,3.082270145,4.866467476
525,524,2916,1005664.06,0,22.60399246,22.60399246,1.84265722,3.799913467,5373.188453,0.545383275,3.379544854
526,525,2916,1005664.06,0,12.24703503,12.24703503,4.281018135,2.145374359,12483.44888,3.964232206,7.297879696
527,526,2862,987040.6515,0,5.778011799,5.778011799,2.711785637,0.927785609,7761.130494,2.724942446,3.964232206
528,527,2916,1005664.06,0,11.08987236,11.08987236,2.225062308,2.361724708,6488.281691,1.542250872,6.074887753
529,528,2916,1005664.06,0,2.934499025,2.934499025,0.573614852,0.703057303,1672.660907,0,1.635754704
530,529,2862,987040.6515,0,1.724184871,1.724184871,0.768228363,0.696521503,2198.669574,0.545383275,1.724184871
531,530,2916,1005664.06,0,7.81700182,7.81700182,2.250107688,1.560549496,6561.314019,1.724184871,4.617845535
532,531,2916,1005664.06,0,1.724184871,1.724184871,0.390267952,0.636165943,1138.021348,0,1.542250872
533,532,2916,1005664.06,0,1.724184871,1.724184871,0.415005794,0.643150344,1210.156894,0,1.542250872
534,533,2916,1005664.06,0,1.724184871,1.724184871,0.375006106,0.625869718,1093.517805,0,1.542250872
535,534,2862,987040.6515,0,11.63613892,11.63613892,1.789809512,2.497642423,5122.434823,1.219366789,6.146802902
536,535,2862,987040.6515,0,7.074963093,7.074963093,2.049888322,1.459988862,5866.780376,1.724184871,4.1463871
537,536,2862,987040.6515,0,3.176939964,3.176939964,0.546932407,0.713825503,1565.320549,0,1.635754704
538,537,2916,1005664.06,0,6.357520103,6.357520103,0.914542699,1.078627341,2666.806511,0.545383275,1.965695262
539,538,2916,1005664.06,0,14.71333694,14.71333694,2.725816965,3.233300596,7948.48227,1.542250872,7.704805851
540,539,2862,987040.6515,0,2.180545568,2.180545568,0.402318337,0.639684508,1151.435082,0,1.542250872
541,540,2220,765629.0169,0,5.015487194,5.015487194,1.210830001,0.956907149,2688.042601,1.542250872,2.247587204
542,541,2916,1005664.06,0,13.88127422,13.88127422,5.290600428,3.155715856,15427.39085,4.866467476,9.663716316
543,542,2916,1005664.06,0,10.89672089,10.89672089,2.034032474,2.281276153,5931.238695,1.542250872,5.544634819
544,543,2916,1005664.06,0,2.180545568,2.180545568,0.591182009,0.699890194,1723.886739,0,1.635754704
545,544,2916,1005664.06,0,10.26566029,10.26566029,5.122371548,1.798636182,14936.83543,4.926627159,7.667024136
546,545,2916,1005664.06,0,3.850750208,3.850750208,0.498435067,0.729392078,1453.436656,0,1.635754704
547,546,2916,1005664.06,0,2.180545568,2.180545568,0.528988244,0.687859824,1542.529719,0,1.635754704
548,547,2916,1005664.06,0,1.724184871,1.724184871,0.457484373,0.65372728,1334.024432,0,1.635754704
549,548,2916,1005664.06,0,2.437630177,2.437630177,0.799608597,0.708647801,2331.658668,0.545383275,1.724184871
550,549,2862,987040.6515,0,4.617845535,4.617845535,1.275109665,0.901167546,3649.363861,1.542250872,2.247587204
551,550,2862,987040.6515,0,1.724184871,1.724184871,0.388366566,0.635873871,1111.505112,0,1.542250872
552,551,2862,987040.6515,0,2.180545568,2.180545568,0.478911815,0.66930834,1370.645615,0,1.635754704
553,552,2862,987040.6515,0,4.617845535,4.617845535,2.047529724,0.884394011,5860.03007,1.965695262,3.176939964
554,553,2916,1005664.06,0,12.97622204,12.97622204,3.691099726,2.540872117,10763.2468,3.082270145,7.667024136
555,554,2916,1005664.06,0,1.724184871,1.724184871,0.51515661,0.685387927,1502.196674,0,1.542250872
556,555,2916,1005664.06,0,3.082270145,3.082270145,0.668872826,0.713862512,1950.433161,0.545383275,1.635754704
557,556,2862,987040.6515,0,10.83149529,10.83149529,1.628823761,2.250988827,4661.693605,0.545383275,5.429443121
558,557,2862,987040.6515,0,15.0868721,15.0868721,1.296774225,1.92602663,3711.367831,1.219366789,1.941544223
559,558,2916,1005664.06,0,2.180545568,2.180545568,0.54786389,0.686352496,1597.571104,0,1.635754704
560,559,2916,1005664.06,0,3.082270145,3.082270145,0.555677399,0.703761809,1620.355295,0,1.542250872
561,560,2916,1005664.06,0,10.69973564,10.69973564,2.566987292,2.379036256,7485.334943,1.724184871,6.074887753
562,561,611,210720.4186,0,2.180545568,2.180545568,0.777125541,0.725905309,474.8237058,0.545383275,1.724184871
563,562,2862,987040.6515,0,17.6257267,17.6257267,1.5616265,2.832333053,4469.375043,0.545383275,3.964232206
564,563,2916,1005664.06,0,8.284785271,8.284785271,2.076506948,1.81838189,6055.094262,1.635754704,4.866467476
565,564,2916,1005664.06,0,14.64843464,14.64843464,4.235110375,3.246879614,12349.58185,3.445252657,8.922139168
566,565,2862,987040.6515,0,7.136478424,7.136478424,2.605769827,1.254560798,7457.713246,2.724942446,4.251885891
567,566,2916,1005664.06,0,2.247587204,2.247587204,0.461496491,0.671180768,1345.723767,0,1.542250872
568,567,2577,888750.4399,0,17.7071228,17.7071228,5.204193571,3.761435489,13411.20683,4.1463871,11.31687164
569,568,2916,1005664.06,0,3.082270145,3.082270145,0.678823149,0.71759984,1979.448303,0.545383275,1.635754704
570,569,2862,987040.6515,0,12.25844955,12.25844955,1.522009305,1.794483136,4355.990631,1.542250872,2.934499025
571,570,2916,1005664.06,0,13.38600731,13.38600731,5.418173189,3.140639143,15799.39302,5.13152647,9.759474754
572,571,2862,987040.6515,0,12.24703503,12.24703503,1.799193762,2.10414157,5149.292546,1.542250872,4.896641254
573,572,2862,987040.6515,0,3.176939964,3.176939964,1.028914825,0.782594755,2944.754229,1.219366789,1.724184871
574,573,2809,968762.121,0,9.254412651,9.254412651,0.846538438,1.074101077,2377.926473,0.545383275,1.724184871
575,574,2916,1005664.06,0,24.7664032,24.7664032,4.770953163,6.272563393,13912.09942,1.635754704,15.3048377
576,575,2916,1005664.06,0,3.812163115,3.812163115,1.248509932,0.929225376,3640.654962,1.542250872,2.437630177
577,576,2916,1005664.06,0,19.34332657,19.34332657,3.817850221,4.54939992,11132.85124,1.724184871,10.30720234
578,577,2916,1005664.06,0,1.724184871,1.724184871,0.384485669,0.625249712,1121.160211,0,1.542250872
579,578,2916,1005664.06,0,2.778823137,2.778823137,0.74899386,0.736886982,2184.066096,0.545383275,1.724184871
580,579,2916,1005664.06,0,1.724184871,1.724184871,0.414246499,0.645380359,1207.942791,0,1.542250872
581,580,2916,1005664.06,0,7.37719965,7.37719965,2.647602723,1.543295543,7720.40954,2.180545568,4.866467476
582,581,2916,1005664.06,0,14.42329597,14.42329597,2.59357912,2.208987137,7562.876714,1.724184871,6.146802902
583,582,2809,968762.121,0,2.437630177,2.437630177,0.906836506,0.699099763,2547.303746,1.219366789,1.724184871
584,583,2916,1005664.06,0,9.781461716,9.781461716,3.233079187,1.799078332,9427.658908,3.082270145,5.59735918
585,584,2916,1005664.06,0,26.27583122,26.27583122,3.942791822,5.502442324,11497.18095,1.724184871,12.80903578
586,585,2916,1005664.06,0,3.313837051,3.313837051,0.734108542,0.764963403,2140.660509,0.545383275,1.724184871
587,586,2862,987040.6515,0,18.02085876,18.02085876,3.475412559,4.061634911,9946.630743,1.542250872,10.37603569
588,587,2916,1005664.06,0,15.36216164,15.36216164,2.954457618,2.852265723,8615.198413,1.724184871,7.257851124
589,588,2916,1005664.06,0,14.85128784,14.85128784,0.887070171,2.420609091,2586.696619,0,3.964232206
590,589,2916,1005664.06,0,1.724184871,1.724184871,0.615640082,0.705230422,1795.206479,0,1.635754704
591,590,2916,1005664.06,0,1.724184871,1.724184871,0.667007513,0.695462823,1944.993908,0.545383275,1.635754704
592,591,2916,1005664.06,0,6.146802902,6.146802902,1.701470924,1.204890982,4961.489214,1.635754704,3.313837051
593,592,2916,1005664.06,0,7.237793922,7.237793922,2.815629731,1.574570453,8210.376295,2.724942446,4.926627159
594,593,2862,987040.6515,0,8.922139168,8.922139168,3.522638015,1.6354347,10081.79,3.445252657,5.675504684
595,594,2916,1005664.06,0,2.724942446,2.724942446,0.908043195,0.707761222,2647.853956,1.219366789,1.724184871
596,595,2862,987040.6515,0,3.082270145,3.082270145,0.834522272,0.758965689,2388.402743,0.545383275,1.724184871
597,596,2916,1005664.06,0,7.37719965,7.37719965,2.299869039,1.546207896,6706.418116,2.724942446,4.488278389
598,597,2862,987040.6515,0,7.667024136,7.667024136,1.839819707,1.167066697,5265.564002,1.724184871,3.176939964
599,598,2862,987040.6515,0,6.357520103,6.357520103,1.265141312,1.432548018,3620.834435,1.219366789,3.445252657
600,599,2916,1005664.06,0,1.724184871,1.724184871,0.339823473,0.603954675,990.9252484,0,1.542250872
601,600,2916,1005664.06,0,8.808407784,8.808407784,1.479013304,1.518263869,4312.802795,1.542250872,3.445252657
602,601,486,167610.6767,0,3.082270145,3.082270145,0.779898871,0.779610535,379.0308511,0.545383275,1.724184871
603,602,2916,1005664.06,0,6.516551971,6.516551971,1.210265117,1.339944963,3529.133081,1.219366789,3.082270145
604,603,1506,519386.1709,0,1.724184871,1.724184871,0.456393792,0.66543818,687.3290509,0,1.542250872
605,604,2862,987040.6515,0,1.724184871,1.724184871,0.366705925,0.617508311,1049.512359,0,1.542250872
606,605,2916,1005664.06,0,1.724184871,1.724184871,0.581223409,0.685730095,1694.847461,0,1.635754704
607,606,2916,1005664.06,0,3.082270145,3.082270145,0.531378551,0.723226709,1549.499854,0,1.635754704
608,607,2862,987040.6515,0,7.136478424,7.136478424,1.333586613,1.293904636,3816.724885,1.219366789,2.934499025
609,608,2862,987040.6515,0,3.176939964,3.176939964,0.991182262,0.794840693,2836.763634,1.219366789,1.724184871
610,609,2862,987040.6515,0,1.724184871,1.724184871,0.421498856,0.652779438,1206.329726,0,1.542250872
611,610,2862,987040.6515,0,4.388551235,4.388551235,0.377072823,0.648383149,1079.182418,0,1.542250872
612,611,2916,1005664.06,0,3.176939964,3.176939964,0.966510652,0.759484412,2818.345061,1.219366789,1.724184871
613,612,2916,1005664.06,0,2.934499025,2.934499025,0.774563838,0.759812979,2258.628152,0.545383275,1.724184871
614,613,2916,1005664.06,0,2.437630177,2.437630177,0.662885251,0.718087338,1932.973393,0.545383275,1.635754704
615,614,2862,987040.6515,0,6.865769386,6.865769386,1.999411101,1.375346638,5722.31457,1.724184871,3.964232206
616,615,2916,1005664.06,0,1.724184871,1.724184871,0.513421798,0.685424666,1497.137964,0,1.542250872
617,616,2862,987040.6515,0,3.082270145,3.082270145,0.606613814,0.726677528,1736.128736,0,1.635754704
618,617,2916,1005664.06,0,12.24703503,12.24703503,3.376405477,2.47256981,9845.598372,2.778823137,6.561258316
619,618,2862,987040.6515,0,13.90105724,13.90105724,2.304574963,2.983797478,6595.693544,1.542250872,7.130326891
620,619,2916,1005664.06,0,7.37719965,7.37719965,2.151058276,1.478500626,6272.485933,1.724184871,4.354793072
621,620,2916,1005664.06,0,6.194268227,6.194268227,1.488282376,1.22931611,4339.83141,1.542250872,3.082270145
622,621,1861,641817.8381,0,2.180545568,2.180545568,0.712567604,0.71811559,1326.088311,0.545383275,1.635754704
623,622,2916,1005664.06,0,5.778011799,5.778011799,1.118475381,0.892520265,3261.47421,1.542250872,1.724184871
624,623,2916,1005664.06,0,16.75273514,16.75273514,3.93114156,3.801527934,11463.20879,2.247587204,9.983739853
625,624,2916,1005664.06,0,2.437630177,2.437630177,0.657639333,0.711739041,1917.676295,0.545383275,1.635754704
626,625,2862,987040.6515,0,1.724184871,1.724184871,0.577424323,0.689444041,1652.588413,0,1.635754704
627,626,2916,1005664.06,0,6.074887753,6.074887753,1.943387073,1.405973995,5666.916705,1.724184871,3.964232206
628,627,2916,1005664.06,0,13.87137127,13.87137127,4.145529694,1.984683484,12088.36459,4.251885891,6.334464073
629,628,2916,1005664.06,0,7.667024136,7.667024136,2.122161971,1.402735934,6188.224308,1.724184871,4.1463871
630,629,2862,987040.6515,0,3.176939964,3.176939964,0.875243186,0.743333368,2504.945998,1.219366789,1.724184871
631,630,2916,1005664.06,0,1.724184871,1.724184871,0.431563851,0.659623903,1258.440189,0,1.542250872
632,631,2687,926687.0128,0,6.538944721,6.538944721,2.183461295,1.244983852,5866.9605,1.724184871,4.1463871
633,632,2916,1005664.06,0,19.63663483,19.63663483,7.716651662,4.644321452,22501.75625,7.552490711,14.20840931
634,633,2916,1005664.06,0,5.544634819,5.544634819,1.752685072,0.946389746,5110.829671,1.635754704,3.082270145
635,634,2916,1005664.06,0,11.89887428,11.89887428,1.664855814,2.062528657,4854.719553,1.219366789,3.964232206
636,635,2862,987040.6515,0,1.724184871,1.724184871,0.326467246,0.593883998,934.3492585,0,1.542250872
637,636,2916,1005664.06,0,2.180545568,2.180545568,0.521347808,0.679565499,1520.250207,0,1.635754704
638,637,2916,1005664.06,0,3.176939964,3.176939964,0.992982403,0.765096243,2895.536687,1.219366789,1.724184871
639,638,2916,1005664.06,0,3.082270145,3.082270145,1.221035167,0.65590448,3560.538547,1.542250872,1.724184871
640,639,2916,1005664.06,0,3.082270145,3.082270145,0.737468048,0.724331658,2150.456829,0.545383275,1.724184871
641,640,2916,1005664.06,0,3.964232206,3.964232206,0.565568267,0.800930008,1649.197066,0,1.724184871
642,641,2916,1005664.06,0,1.724184871,1.724184871,0.450929659,0.658497032,1314.910887,0,1.542250872
643,642,2916,1005664.06,0,5.015487194,5.015487194,1.596631377,1.109116106,4655.777094,1.542250872,3.082270145
644,643,2916,1005664.06,0,1.724184871,1.724184871,0.700885946,0.720974437,2043.783419,0.545383275,1.635754704
645,644,2916,1005664.06,0,3.082270145,3.082270145,0.614137045,0.716768116,1790.823625,0,1.542250872
646,645,2916,1005664.06,0,6.194268227,6.194268227,2.173185294,1.100590718,6337.008319,1.965695262,3.653692245
647,646,2916,1005664.06,0,1.724184871,1.724184871,0.462762977,0.667642625,1349.41684,0,1.542250872
648,647,2916,1005664.06,0,8.143865585,8.143865585,1.637856665,1.809272275,4775.990035,1.542250872,4.617845535
649,648,2916,1005664.06,0,2.180545568,2.180545568,0.504702612,0.683342682,1471.712817,0,1.542250872
650,649,2916,1005664.06,0,16.97234917,16.97234917,1.876547332,2.619208345,5472.012019,1.542250872,3.812163115
651,650,2916,1005664.06,0,6.865769386,6.865769386,2.103172167,1.545437336,6132.85004,1.724184871,4.438414812
652,651,2916,1005664.06,0,2.724942446,2.724942446,0.852749235,0.712996852,2486.616768,1.090667725,1.724184871
653,652,2916,1005664.06,0,5.544634819,5.544634819,1.864093601,0.878572127,5435.69694,1.724184871,3.082270145
654,653,2862,987040.6515,0,9.176465034,9.176465034,2.317367066,1.992653133,6632.304542,1.724184871,4.681261539
655,654,2916,1005664.06,0,1.724184871,1.724184871,0.596735739,0.694651332,1740.081414,0,1.635754704
656,655,2916,1005664.06,0,2.437630177,2.437630177,0.52889305,0.695232454,1542.252134,0,1.542250872
657,656,2916,1005664.06,0,5.015487194,5.015487194,1.51736465,1.003835622,4424.63532,1.542250872,2.934499025
658,657,2862,987040.6515,0,5.977614403,5.977614403,1.176106881,1.242641746,3366.017893,1.219366789,3.082270145
659,658,2916,1005664.06,0,3.082270145,3.082270145,0.804707994,0.746068188,2346.528511,0.545383275,1.635754704
660,659,2862,987040.6515,0,4.388551235,4.388551235,1.298128497,0.884687675,3715.243759,1.542250872,2.247587204
661,660,2916,1005664.06,0,3.082270145,3.082270145,0.616269559,0.714081009,1797.042033,0,1.635754704
662,661,2916,1005664.06,0,1.724184871,1.724184871,0.413353542,0.64532144,1205.338929,0,1.542250872
663,662,2916,1005664.06,0,8.873587608,8.873587608,2.415599451,1.632000266,7043.887998,1.965695262,4.681261539
664,663,2916,1005664.06,0,1.724184871,1.724184871,0.469625368,0.670785978,1369.427573,0,1.542250872
665,664,2916,1005664.06,0,3.445252657,3.445252657,0.986667891,0.792942084,2877.123569,1.219366789,1.724184871
666,665,2916,1005664.06,0,9.20772934,9.20772934,1.923671366,1.838315087,5609.425702,1.542250872,4.681261539
667,666,2916,1005664.06,0,3.082270145,3.082270145,0.566871422,0.719117527,1652.997067,0,1.635754704
668,667,2916,1005664.06,0,3.082270145,3.082270145,0.578039997,0.708538641,1685.56463,0,1.635754704
669,668,2916,1005664.06,0,7.761116505,7.761116505,2.047058367,1.173344964,5969.222197,1.724184871,3.445252657
670,669,2916,1005664.06,0,3.445252657,3.445252657,0.984837076,0.786396175,2871.784915,1.219366789,1.724184871
671,670,2916,1005664.06,0,3.082270145,3.082270145,0.615142021,0.711751533,1793.754133,0,1.635754704
672,671,2916,1005664.06,0,1.724184871,1.724184871,0.467364572,0.668102583,1362.835093,0,1.542250872
673,672,2916,1005664.06,0,3.268847227,3.268847227,0.39623809,0.63822631,1155.430272,0,1.542250872
674,673,2916,1005664.06,0,2.934499025,2.934499025,0.598139929,0.712859103,1744.176033,0,1.635754704
675,674,2916,1005664.06,0,1.724184871,1.724184871,0.440507663,0.662979104,1284.520347,0,1.542250872
676,675,2916,1005664.06,0,2.437630177,2.437630177,0.609604176,0.702732248,1777.605779,0,1.635754704
677,676,2862,987040.6515,0,3.445252657,3.445252657,0.755726653,0.769705666,2162.88968,0.545383275,1.724184871
678,677,2916,1005664.06,0,10.37603569,10.37603569,2.700956249,2.556876259,7875.988422,1.724184871,6.715303421
679,678,2862,987040.6515,0,15.8534708,15.8534708,2.391287206,3.103405837,6843.863982,1.219366789,6.865769386
680,679,2916,1005664.06,0,13.23011589,13.23011589,3.029846435,3.315555633,8835.032205,1.635754704,8.559282303